{"cameraMode":{"drawMode":0,"name":"Shaded","section":"Shading Mode"},"sceneLighting":false,"audioPlay":false,"sceneViewState":{"m_AlwaysRefresh":false,"showFog":true,"showSkybox":false,"showFlares":true,"showImageEffects":true,"showParticleSystems":true,"showVisualEffectGraphs":true,"m_FxEnabled":true},"in2DMode":false,"pivot":{"x":-0.033399999141693118,"y":-0.9977694153785706,"z":-2.715566396713257},"rotation":{"x":-0.20927990972995759,"y":-0.09343132376670838,"z":0.020082490518689157,"w":-0.9732306599617004},"size":0.4636097848415375,"orthographic":false}