{"cameraMode":{"drawMode":0,"name":"Shaded","section":"Shading Mode"},"sceneLighting":false,"audioPlay":false,"sceneViewState":{"m_AlwaysRefresh":false,"showFog":true,"showSkybox":false,"showFlares":true,"showImageEffects":true,"showParticleSystems":true,"showVisualEffectGraphs":true,"m_FxEnabled":true},"in2DMode":false,"pivot":{"x":0.01747894287109375,"y":1.1517505645751954,"z":-0.16655826568603517},"rotation":{"x":-0.06281354278326035,"y":-0.6778578758239746,"z":0.058314237743616107,"w":-0.7302505373954773},"size":16.185911178588868,"orthographic":false}