{"cameraMode":{"drawMode":0,"name":"Shaded","section":"Shading Mode"},"sceneLighting":false,"audioPlay":false,"sceneViewState":{"m_AlwaysRefresh":false,"showFog":true,"showSkybox":false,"showFlares":true,"showImageEffects":true,"showParticleSystems":true,"showVisualEffectGraphs":true,"m_FxEnabled":true},"in2DMode":false,"pivot":{"x":-1.116942286491394,"y":0.3238348066806793,"z":15.5204439163208},"rotation":{"x":0.32964277267456057,"y":0.15625587105751038,"z":-0.055581241846084598,"w":0.9295722246170044},"size":2.4251132011413576,"orthographic":false}