{"cameraMode":{"drawMode":0,"name":"Shaded","section":"Shading Mode"},"sceneLighting":false,"audioPlay":false,"sceneViewState":{"m_AlwaysRefresh":false,"showFog":true,"showSkybox":false,"showFlares":true,"showImageEffects":true,"showParticleSystems":true,"showVisualEffectGraphs":true,"m_FxEnabled":true},"in2DMode":false,"pivot":{"x":-1.7812824249267579,"y":0.5309934616088867,"z":11.328276634216309},"rotation":{"x":-0.25523999333381655,"y":-0.5497146248817444,"z":0.18115516006946565,"w":-0.7746305465698242},"size":3.6211748123168947,"orthographic":false}